-- phpMyAdmin SQL Dump
-- version 3.4.5
-- http://www.phpmyadmin.net
--
-- Machine: localhost
-- Genereertijd: 25 nov 2011 om 16:25
-- Serverversie: 5.5.16
-- PHP-Versie: 5.3.8

SET SQL_MODE="NO_AUTO_VALUE_ON_ZERO";
SET time_zone = "+00:00";


/*!40101 SET @OLD_CHARACTER_SET_CLIENT=@@CHARACTER_SET_CLIENT */;
/*!40101 SET @OLD_CHARACTER_SET_RESULTS=@@CHARACTER_SET_RESULTS */;
/*!40101 SET @OLD_COLLATION_CONNECTION=@@COLLATION_CONNECTION */;
/*!40101 SET NAMES utf8 */;

--
-- Database: `rubyquest_one`
--
-- Verwijder de database
drop database if exists `rubyquest`;
-- Verwijder de database
drop database if exists `rubyquest_one`;
-- Maak de database aan als deze nog niet bestaat.
create database if not exists `rubyquest_one`;
-- Gebruik de RubyQuest database voor de volgende queries.
use `rubyquest_one`;


-- --------------------------------------------------------

--
-- Tabelstructuur voor tabel `animal`
--

CREATE TABLE IF NOT EXISTS `animal` (
  `id` int(11) NOT NULL AUTO_INCREMENT,
  `type` varchar(50) NOT NULL,
  `speed` int(11) NOT NULL,
  `defense` int(11) NOT NULL,
  `loyalty` int(11) NOT NULL,
  `owner_id` int(11) NOT NULL,
  PRIMARY KEY (`id`),
  UNIQUE KEY `id` (`id`)
) ENGINE=InnoDB  DEFAULT CHARSET=latin1 AUTO_INCREMENT=479 ;

--
-- Gegevens worden uitgevoerd voor tabel `animal`
--

INSERT INTO `animal` (`id`, `type`, `speed`, `defense`, `loyalty`, `owner_id`) VALUES
(1, 'Sheep', 3, 4, 0, 0),
(2, 'Sheep', 3, 4, 0, 0),
(3, 'Sheep', 3, 4, 0, 0),
(4, 'Sheep', 3, 4, 0, 0),
(5, 'Sheep', 3, 4, 0, 0),
(6, 'Sheep', 3, 4, 0, 0),
(7, 'Sheep', 3, 4, 0, 0),
(8, 'Sheep', 3, 4, 0, 0),
(9, 'Sheep', 3, 4, 0, 0),
(10, 'Sheep', 3, 4, 0, 0),
(11, 'Sheep', 3, 4, 0, 0),
(12, 'Sheep', 3, 4, 0, 0),
(13, 'Sheep', 3, 4, 0, 0),
(14, 'Sheep', 3, 4, 0, 0),
(15, 'Sheep', 3, 4, 0, 0),
(16, 'Sheep', 3, 4, 0, 0),
(17, 'Sheep', 3, 4, 0, 0),
(18, 'Sheep', 3, 4, 0, 0),
(19, 'Sheep', 3, 4, 0, 0),
(20, 'Sheep', 3, 4, 5, 122),
(21, 'Sheep', 4, 4, 9, 66),
(22, 'Sheep', 4, 6, 10, 96),
(23, 'Sheep', 5, 4, 7, 52),
(24, 'Sheep', 4, 5, 4, 82),
(25, 'Sheep', 5, 6, 9, 24),
(26, 'Sheep', 5, 5, 6, 27),
(27, 'Sheep', 3, 4, 2, 135),
(28, 'Sheep', 4, 4, 2, 86),
(29, 'Sheep', 4, 5, 3, 130),
(30, 'Sheep', 4, 6, 10, 3),
(31, 'Sheep', 5, 4, 10, 161),
(32, 'Sheep', 5, 4, 8, 136),
(33, 'Sheep', 5, 4, 1, 177),
(34, 'Sheep', 5, 5, 3, 24),
(35, 'Sheep', 3, 5, 2, 129),
(36, 'Sheep', 5, 4, 2, 26),
(37, 'Sheep', 5, 4, 2, 168),
(38, 'Sheep', 3, 6, 4, 89),
(39, 'Sheep', 5, 5, 7, 39),
(40, 'Sheep', 5, 5, 5, 164),
(41, 'Sheep', 5, 4, 6, 101),
(42, 'Sheep', 4, 6, 3, 199),
(43, 'Sheep', 3, 6, 6, 97),
(44, 'Sheep', 5, 5, 6, 143),
(45, 'Sheep', 4, 5, 4, 180),
(46, 'Sheep', 4, 5, 1, 150),
(47, 'Sheep', 5, 5, 8, 96),
(48, 'Sheep', 5, 4, 6, 167),
(49, 'Sheep', 5, 5, 5, 202),
(50, 'Sheep', 5, 5, 8, 145),
(51, 'Sheep', 3, 6, 3, 39),
(52, 'Sheep', 5, 5, 4, 32),
(53, 'Sheep', 4, 6, 10, 167),
(54, 'Sheep', 3, 5, 3, 185),
(55, 'Sheep', 5, 5, 2, 128),
(56, 'Sheep', 5, 4, 1, 145),
(57, 'Sheep', 4, 4, 8, 75),
(58, 'Sheep', 3, 6, 6, 65),
(59, 'Sheep', 5, 4, 4, 160),
(60, 'Sheep', 5, 5, 6, 98),
(61, 'Sheep', 3, 6, 9, 129),
(62, 'Sheep', 4, 6, 8, 194),
(63, 'Sheep', 4, 6, 10, 134),
(64, 'Sheep', 5, 5, 9, 97),
(65, 'Sheep', 3, 5, 4, 125),
(66, 'Sheep', 4, 4, 8, 164),
(67, 'Sheep', 4, 6, 9, 51),
(68, 'Sheep', 4, 4, 1, 140),
(69, 'Sheep', 5, 4, 2, 65),
(70, 'Sheep', 4, 5, 6, 178),
(71, 'Wolf', 7, 6, 0, 0),
(72, 'Wolf', 7, 6, 0, 0),
(73, 'Wolf', 7, 6, 0, 0),
(74, 'Wolf', 7, 6, 0, 0),
(75, 'Wolf', 7, 6, 0, 0),
(76, 'Wolf', 7, 6, 0, 0),
(77, 'Wolf', 7, 6, 0, 0),
(78, 'Wolf', 7, 6, 0, 0),
(79, 'Wolf', 7, 6, 0, 0),
(80, 'Wolf', 7, 6, 0, 0),
(81, 'Wolf', 7, 6, 0, 0),
(82, 'Wolf', 7, 6, 0, 0),
(83, 'Wolf', 7, 6, 0, 0),
(84, 'Wolf', 7, 6, 0, 0),
(85, 'Wolf', 7, 6, 0, 0),
(86, 'Wolf', 7, 6, 0, 0),
(87, 'Wolf', 7, 6, 0, 0),
(88, 'Wolf', 7, 6, 0, 0),
(89, 'Wolf', 7, 6, 0, 0),
(90, 'Wolf', 7, 6, 0, 0),
(91, 'Wolf', 7, 6, 0, 0),
(92, 'Wolf', 9, 6, 10, 25),
(93, 'Wolf', 8, 8, 4, 20),
(94, 'Wolf', 9, 6, 8, 77),
(95, 'Wolf', 7, 7, 7, 62),
(96, 'Wolf', 9, 8, 10, 148),
(97, 'Wolf', 7, 8, 2, 199),
(98, 'Wolf', 9, 7, 3, 184),
(99, 'Wolf', 8, 7, 7, 174),
(100, 'Wolf', 7, 7, 4, 137),
(101, 'Wolf', 8, 8, 9, 142),
(102, 'Wolf', 8, 7, 2, 158),
(103, 'Wolf', 8, 8, 7, 50),
(104, 'Wolf', 7, 8, 3, 196),
(105, 'Wolf', 8, 6, 7, 53),
(106, 'Wolf', 9, 7, 6, 201),
(107, 'Wolf', 9, 8, 6, 98),
(108, 'Wolf', 8, 6, 7, 121),
(109, 'Wolf', 7, 7, 4, 136),
(110, 'Wolf', 9, 7, 5, 110),
(111, 'Wolf', 9, 8, 6, 115),
(112, 'Wolf', 7, 7, 6, 117),
(113, 'Wolf', 7, 7, 10, 187),
(114, 'Horse', 7, 5, 0, 0),
(115, 'Horse', 7, 5, 0, 0),
(116, 'Horse', 7, 5, 0, 0),
(117, 'Horse', 7, 5, 0, 0),
(118, 'Horse', 7, 5, 0, 0),
(119, 'Horse', 7, 5, 0, 0),
(120, 'Horse', 7, 5, 0, 0),
(121, 'Horse', 7, 5, 0, 0),
(122, 'Horse', 7, 5, 0, 0),
(123, 'Horse', 7, 5, 0, 0),
(124, 'Horse', 7, 5, 0, 0),
(125, 'Horse', 7, 5, 0, 0),
(126, 'Horse', 7, 5, 0, 0),
(127, 'Horse', 7, 5, 0, 0),
(128, 'Horse', 7, 5, 0, 0),
(129, 'Horse', 7, 5, 0, 0),
(130, 'Horse', 7, 5, 0, 0),
(131, 'Horse', 7, 5, 0, 0),
(132, 'Horse', 7, 5, 0, 0),
(133, 'Horse', 9, 6, 1, 157),
(134, 'Horse', 8, 7, 7, 84),
(135, 'Horse', 7, 5, 6, 177),
(136, 'Horse', 8, 7, 10, 122),
(137, 'Horse', 8, 5, 4, 118),
(138, 'Horse', 9, 6, 10, 56),
(139, 'Horse', 7, 7, 3, 135),
(140, 'Horse', 9, 5, 4, 40),
(141, 'Horse', 7, 7, 9, 175),
(142, 'Horse', 9, 6, 9, 22),
(143, 'Horse', 8, 7, 10, 188),
(144, 'Horse', 9, 5, 3, 156),
(145, 'Horse', 8, 5, 4, 123),
(146, 'Horse', 9, 7, 4, 185),
(147, 'Horse', 9, 6, 8, 133),
(148, 'Horse', 9, 6, 8, 61),
(149, 'Horse', 8, 6, 10, 167),
(150, 'Horse', 7, 6, 4, 138),
(151, 'Horse', 8, 7, 7, 173),
(152, 'Horse', 8, 5, 10, 163),
(153, 'Horse', 7, 7, 7, 102),
(154, 'Horse', 8, 6, 1, 85),
(155, 'Horse', 7, 5, 7, 105),
(156, 'Horse', 9, 5, 7, 56),
(157, 'Horse', 9, 7, 5, 133),
(158, 'Horse', 8, 5, 4, 25),
(159, 'Horse', 7, 5, 8, 133),
(160, 'Horse', 9, 6, 10, 146),
(161, 'Horse', 9, 6, 4, 55),
(162, 'Horse', 7, 7, 2, 163),
(163, 'Horse', 8, 5, 10, 53),
(164, 'Horse', 8, 5, 9, 25),
(165, 'Horse', 9, 5, 4, 74),
(166, 'Horse', 8, 7, 7, 90),
(167, 'Horse', 7, 5, 3, 68),
(168, 'Horse', 7, 5, 4, 102),
(169, 'Elephant', 2, 10, 0, 0),
(170, 'Elephant', 2, 10, 0, 0),
(171, 'Elephant', 2, 10, 0, 0),
(172, 'Elephant', 2, 10, 0, 0),
(173, 'Elephant', 2, 10, 0, 0),
(174, 'Elephant', 2, 10, 0, 0),
(175, 'Elephant', 2, 10, 0, 0),
(176, 'Elephant', 2, 10, 0, 0),
(177, 'Elephant', 2, 10, 0, 0),
(178, 'Elephant', 2, 10, 0, 0),
(179, 'Elephant', 2, 10, 0, 0),
(180, 'Elephant', 2, 10, 0, 0),
(181, 'Elephant', 2, 10, 0, 0),
(182, 'Elephant', 2, 10, 0, 0),
(183, 'Elephant', 2, 10, 0, 0),
(184, 'Elephant', 2, 10, 0, 0),
(185, 'Elephant', 2, 10, 0, 0),
(186, 'Elephant', 2, 10, 0, 0),
(187, 'Elephant', 2, 10, 0, 0),
(188, 'Elephant', 2, 10, 0, 0),
(189, 'Elephant', 2, 10, 0, 0),
(190, 'Elephant', 2, 10, 0, 0),
(191, 'Elephant', 2, 10, 0, 0),
(192, 'Elephant', 2, 10, 0, 0),
(193, 'Elephant', 2, 10, 0, 0),
(194, 'Elephant', 2, 10, 0, 0),
(195, 'Elephant', 2, 10, 0, 0),
(196, 'Elephant', 2, 10, 0, 0),
(197, 'Elephant', 2, 10, 0, 0),
(198, 'Elephant', 2, 10, 0, 0),
(199, 'Elephant', 4, 10, 2, 91),
(200, 'Elephant', 2, 12, 5, 139),
(201, 'Eagle', 8, 6, 0, 0),
(202, 'Eagle', 8, 6, 0, 0),
(203, 'Eagle', 8, 6, 0, 0),
(204, 'Eagle', 8, 6, 0, 0),
(205, 'Eagle', 8, 6, 0, 0),
(206, 'Eagle', 8, 6, 0, 0),
(207, 'Eagle', 8, 6, 0, 0),
(208, 'Eagle', 8, 6, 0, 0),
(209, 'Eagle', 8, 6, 0, 0),
(210, 'Eagle', 8, 6, 0, 0),
(211, 'Eagle', 8, 6, 0, 0),
(212, 'Eagle', 8, 6, 0, 0),
(213, 'Eagle', 8, 6, 0, 0),
(214, 'Eagle', 8, 6, 0, 0),
(215, 'Eagle', 8, 6, 0, 0),
(216, 'Eagle', 8, 6, 0, 0),
(217, 'Eagle', 8, 6, 0, 0),
(218, 'Eagle', 8, 6, 0, 0),
(219, 'Eagle', 8, 6, 0, 0),
(220, 'Eagle', 8, 6, 0, 0),
(221, 'Eagle', 8, 6, 0, 0),
(222, 'Eagle', 8, 6, 0, 0),
(223, 'Eagle', 8, 6, 0, 0),
(224, 'Eagle', 8, 6, 0, 0),
(225, 'Eagle', 8, 6, 0, 0),
(226, 'Eagle', 8, 6, 0, 0),
(227, 'Eagle', 8, 6, 0, 0),
(228, 'Eagle', 8, 6, 0, 0),
(229, 'Eagle', 8, 6, 0, 0),
(230, 'Eagle', 8, 6, 0, 0),
(231, 'Eagle', 8, 6, 0, 0),
(232, 'Eagle', 8, 6, 0, 0),
(233, 'Eagle', 8, 6, 0, 0),
(234, 'Eagle', 8, 6, 0, 0),
(235, 'Eagle', 8, 6, 0, 0),
(236, 'Eagle', 8, 6, 0, 0),
(237, 'Eagle', 8, 6, 0, 0),
(238, 'Eagle', 8, 6, 0, 0),
(239, 'Eagle', 8, 6, 0, 0),
(240, 'Eagle', 8, 6, 0, 0),
(241, 'Eagle', 8, 6, 0, 0),
(242, 'Eagle', 8, 6, 0, 0),
(243, 'Eagle', 8, 6, 0, 0),
(244, 'Eagle', 8, 6, 0, 0),
(245, 'Eagle', 8, 6, 0, 0),
(246, 'Eagle', 8, 6, 0, 0),
(247, 'Eagle', 8, 6, 0, 0),
(248, 'Eagle', 8, 6, 0, 0),
(249, 'Eagle', 8, 6, 0, 0),
(250, 'Eagle', 8, 6, 0, 0),
(251, 'Eagle', 8, 6, 0, 0),
(252, 'Eagle', 8, 6, 0, 0),
(253, 'Eagle', 8, 6, 0, 0),
(254, 'Eagle', 8, 6, 0, 0),
(255, 'Eagle', 8, 6, 0, 0),
(256, 'Eagle', 8, 6, 0, 0),
(257, 'Eagle', 8, 6, 0, 0),
(258, 'Eagle', 8, 6, 0, 0),
(259, 'Eagle', 8, 6, 0, 0),
(260, 'Eagle', 8, 6, 0, 0),
(261, 'Eagle', 8, 6, 0, 0),
(262, 'Eagle', 8, 6, 0, 0),
(263, 'Eagle', 8, 6, 0, 0),
(264, 'Eagle', 8, 6, 0, 0),
(265, 'Eagle', 8, 6, 0, 0),
(266, 'Eagle', 8, 6, 0, 0),
(267, 'Eagle', 8, 6, 0, 0),
(268, 'Eagle', 8, 6, 0, 0),
(269, 'Eagle', 8, 6, 0, 0),
(270, 'Eagle', 8, 6, 0, 0),
(271, 'Eagle', 8, 6, 0, 0),
(272, 'Eagle', 8, 6, 0, 0),
(273, 'Eagle', 8, 6, 0, 0),
(274, 'Eagle', 8, 6, 0, 0),
(275, 'Eagle', 8, 6, 0, 0),
(276, 'Eagle', 8, 6, 0, 0),
(277, 'Eagle', 8, 6, 0, 0),
(278, 'Eagle', 8, 6, 0, 0),
(279, 'Eagle', 8, 6, 0, 0),
(280, 'Eagle', 8, 6, 0, 0),
(281, 'Eagle', 8, 6, 0, 0),
(282, 'Eagle', 8, 6, 0, 0),
(283, 'Eagle', 8, 6, 0, 0),
(284, 'Eagle', 10, 7, 9, 163),
(285, 'Eagle', 10, 7, 4, 63),
(286, 'Eagle', 9, 6, 2, 151),
(287, 'Eagle', 10, 6, 1, 62),
(288, 'Eagle', 8, 6, 4, 149),
(289, 'Eagle', 9, 8, 1, 47),
(290, 'Eagle', 8, 7, 4, 108),
(291, 'Eagle', 9, 8, 2, 171),
(292, 'Eagle', 9, 7, 8, 179),
(293, 'Eagle', 9, 6, 1, 178),
(294, 'Eagle', 10, 7, 4, 109),
(295, 'Eagle', 8, 7, 6, 18),
(296, 'Eagle', 10, 6, 10, 50),
(297, 'Eagle', 10, 8, 5, 47),
(298, 'Eagle', 8, 8, 3, 155),
(299, 'Eagle', 10, 6, 4, 11),
(300, 'Eagle', 10, 8, 1, 169),
(301, 'Eagle', 10, 6, 2, 63),
(302, 'Eagle', 9, 8, 1, 42),
(303, 'Eagle', 9, 8, 5, 151),
(304, 'Eagle', 8, 8, 10, 129),
(305, 'Eagle', 8, 8, 2, 21),
(306, 'Eagle', 8, 7, 6, 177),
(307, 'Eagle', 10, 8, 10, 30),
(308, 'Eagle', 8, 7, 7, 134),
(309, 'Eagle', 10, 7, 6, 126),
(310, 'Eagle', 9, 7, 1, 153),
(311, 'Eagle', 10, 8, 8, 55),
(312, 'Eagle', 9, 8, 3, 183),
(313, 'Sea Snake', 8, 6, 0, 0),
(314, 'Sea Snake', 8, 6, 0, 0),
(315, 'Sea Snake', 8, 6, 0, 0),
(316, 'Sea Snake', 8, 6, 0, 0),
(317, 'Sea Snake', 8, 6, 0, 0),
(318, 'Sea Snake', 8, 6, 0, 0),
(319, 'Sea Snake', 8, 6, 0, 0),
(320, 'Sea Snake', 8, 6, 0, 0),
(321, 'Sea Snake', 8, 6, 0, 0),
(322, 'Sea Snake', 8, 6, 0, 0),
(323, 'Sea Snake', 8, 6, 0, 0),
(324, 'Sea Snake', 8, 6, 0, 0),
(325, 'Sea Snake', 8, 6, 0, 0),
(326, 'Sea Snake', 8, 6, 0, 0),
(327, 'Sea Snake', 8, 6, 0, 0),
(328, 'Sea Snake', 9, 8, 3, 68),
(329, 'Sea Snake', 9, 6, 9, 56),
(330, 'Sea Snake', 8, 7, 1, 196),
(331, 'Wild Cat', 7, 7, 0, 0),
(332, 'Wild Cat', 7, 7, 0, 0),
(333, 'Wild Cat', 7, 7, 0, 0),
(334, 'Wild Cat', 7, 7, 0, 0),
(335, 'Wild Cat', 7, 7, 0, 0),
(336, 'Wild Cat', 7, 7, 0, 0),
(337, 'Wild Cat', 7, 7, 0, 0),
(338, 'Wild Cat', 7, 7, 0, 0),
(339, 'Wild Cat', 7, 7, 0, 0),
(340, 'Wild Cat', 7, 7, 0, 0),
(341, 'Wild Cat', 7, 7, 0, 0),
(342, 'Wild Cat', 7, 7, 0, 0),
(343, 'Wild Cat', 7, 7, 0, 0),
(344, 'Wild Cat', 7, 7, 0, 0),
(345, 'Wild Cat', 7, 7, 0, 0),
(346, 'Wild Cat', 7, 7, 0, 0),
(347, 'Wild Cat', 7, 7, 0, 0),
(348, 'Wild Cat', 7, 7, 0, 0),
(349, 'Wild Cat', 7, 7, 0, 0),
(350, 'Wild Cat', 7, 7, 0, 0),
(351, 'Wild Cat', 7, 7, 0, 0),
(352, 'Wild Cat', 7, 7, 0, 0),
(353, 'Wild Cat', 7, 7, 0, 0),
(354, 'Wild Cat', 7, 7, 0, 0),
(355, 'Wild Cat', 7, 7, 0, 0),
(356, 'Wild Cat', 9, 8, 6, 102),
(357, 'Wild Cat', 7, 8, 5, 7),
(358, 'Wild Cat', 9, 8, 8, 33),
(359, 'Wild Cat', 7, 7, 3, 173),
(360, 'Wild Cat', 8, 9, 10, 116),
(361, 'Wild Cat', 9, 8, 5, 57),
(362, 'Wild Cat', 9, 7, 8, 95),
(363, 'Wild Cat', 9, 7, 7, 16),
(364, 'Wild Cat', 9, 8, 10, 123),
(365, 'Wild Cat', 8, 7, 6, 203),
(366, 'Wild Cat', 9, 8, 4, 149),
(367, 'Wild Cat', 7, 7, 1, 159),
(368, 'Wild Cat', 9, 9, 7, 123),
(369, 'Wild Cat', 8, 9, 8, 37),
(370, 'Wild Cat', 9, 7, 6, 198),
(371, 'Wild Cat', 8, 9, 6, 193),
(372, 'Wild Cat', 9, 7, 9, 118),
(373, 'Wild Cat', 8, 7, 1, 170),
(374, 'Wild Cat', 7, 9, 3, 36),
(375, 'Wild Cat', 9, 8, 2, 119),
(376, 'Wild Cat', 8, 7, 7, 106),
(377, 'Wild Cat', 7, 8, 5, 194),
(378, 'Wild Cat', 7, 7, 7, 72),
(379, 'Wild Cat', 9, 7, 9, 140),
(380, 'Wild Cat', 8, 7, 1, 87),
(381, 'Wild Cat', 9, 9, 10, 110),
(382, 'Wild Cat', 7, 9, 6, 101),
(383, 'Wild Cat', 9, 8, 6, 53),
(384, 'Wild Cat', 8, 8, 1, 62),
(385, 'Wild Cat', 8, 9, 6, 122),
(386, 'Wild Cat', 9, 8, 2, 124),
(387, 'Wild Cat', 9, 8, 5, 62),
(388, 'Wild Cat', 7, 8, 7, 31),
(389, 'Wild Cat', 8, 8, 3, 26),
(390, 'Wild Cat', 7, 9, 3, 141),
(391, 'Wild Cat', 8, 8, 5, 166),
(392, 'Wild Cat', 9, 9, 9, 198),
(393, 'Bear', 4, 9, 0, 0),
(394, 'Bear', 4, 9, 0, 0),
(395, 'Bear', 4, 9, 0, 0),
(396, 'Bear', 4, 9, 0, 0),
(397, 'Bear', 4, 9, 0, 0),
(398, 'Bear', 4, 9, 0, 0),
(399, 'Bear', 4, 9, 0, 0),
(400, 'Bear', 4, 9, 0, 0),
(401, 'Bear', 4, 9, 0, 0),
(402, 'Bear', 4, 9, 0, 0),
(403, 'Bear', 4, 9, 0, 0),
(404, 'Bear', 4, 9, 0, 0),
(405, 'Bear', 5, 11, 9, 200),
(406, 'Bear', 5, 11, 1, 3),
(407, 'Bear', 5, 11, 10, 107),
(408, 'Bear', 4, 10, 9, 123),
(409, 'Bear', 6, 11, 4, 172),
(410, 'Bear', 5, 9, 9, 69),
(411, 'Bear', 4, 10, 9, 140),
(412, 'Bear', 4, 10, 8, 199),
(413, 'Bear', 4, 11, 2, 163),
(414, 'Bear', 6, 9, 3, 53),
(415, 'Bear', 6, 9, 10, 192),
(416, 'Bear', 4, 11, 3, 192),
(417, 'Bear', 5, 11, 1, 174),
(418, 'Bear', 5, 10, 5, 157),
(419, 'Bear', 4, 11, 3, 59),
(420, 'Bear', 6, 11, 6, 102),
(421, 'Bear', 5, 10, 3, 204),
(422, 'Bear', 5, 10, 4, 179),
(423, 'Bear', 5, 10, 8, 150),
(424, 'Bear', 6, 9, 7, 134),
(425, 'Bear', 5, 10, 7, 49),
(426, 'Bear', 6, 11, 1, 118),
(427, 'Bear', 5, 9, 6, 55),
(428, 'Bear', 6, 11, 4, 82),
(429, 'Bear', 4, 10, 3, 117),
(430, 'Bear', 5, 10, 4, 178),
(431, 'Bear', 5, 11, 5, 184),
(432, 'Deer', 8, 4, 0, 0),
(433, 'Deer', 8, 4, 0, 0),
(434, 'Deer', 8, 4, 0, 0),
(435, 'Deer', 8, 4, 0, 0),
(436, 'Deer', 8, 4, 0, 0),
(437, 'Deer', 8, 4, 0, 0),
(438, 'Deer', 8, 4, 0, 0),
(439, 'Deer', 8, 4, 0, 0),
(440, 'Deer', 8, 4, 0, 0),
(441, 'Deer', 8, 4, 0, 0),
(442, 'Deer', 8, 4, 0, 0),
(443, 'Deer', 8, 4, 0, 0),
(444, 'Deer', 8, 4, 0, 0),
(445, 'Deer', 8, 4, 0, 0),
(446, 'Deer', 8, 4, 0, 0),
(447, 'Deer', 8, 4, 0, 0),
(448, 'Deer', 8, 4, 0, 0),
(449, 'Deer', 8, 4, 0, 0),
(450, 'Deer', 8, 4, 0, 0),
(451, 'Deer', 8, 4, 0, 0),
(452, 'Deer', 8, 4, 0, 0),
(453, 'Deer', 8, 4, 0, 0),
(454, 'Deer', 8, 4, 0, 0),
(455, 'Deer', 8, 4, 0, 0),
(456, 'Deer', 8, 4, 0, 0),
(457, 'Deer', 8, 4, 0, 0),
(458, 'Deer', 8, 4, 0, 0),
(459, 'Deer', 8, 4, 0, 0),
(460, 'Deer', 8, 4, 0, 0),
(461, 'Deer', 8, 4, 0, 0),
(462, 'Deer', 8, 4, 0, 0),
(463, 'Deer', 8, 4, 0, 0),
(464, 'Deer', 8, 4, 0, 0),
(465, 'Deer', 8, 4, 0, 0),
(466, 'Deer', 8, 4, 0, 0),
(467, 'Deer', 8, 4, 0, 0),
(468, 'Deer', 8, 4, 0, 0),
(469, 'Deer', 8, 4, 0, 0),
(470, 'Deer', 8, 4, 0, 0),
(471, 'Deer', 8, 4, 0, 0),
(472, 'Deer', 8, 4, 0, 0),
(473, 'Deer', 8, 4, 0, 0),
(474, 'Deer', 8, 4, 0, 0),
(475, 'Deer', 8, 4, 0, 0),
(476, 'Deer', 8, 6, 6, 163),
(477, 'Deer', 8, 6, 10, 8),
(478, 'Deer', 10, 5, 4, 85);

-- --------------------------------------------------------

--
-- Tabelstructuur voor tabel `armor`
--

CREATE TABLE IF NOT EXISTS `armor` (
  `id` int(11) NOT NULL AUTO_INCREMENT,
  `name` varchar(50) NOT NULL,
  `price` int(11) NOT NULL,
  `defense` int(11) NOT NULL,
  PRIMARY KEY (`id`),
  UNIQUE KEY `id` (`id`)
) ENGINE=InnoDB  DEFAULT CHARSET=latin1 AUTO_INCREMENT=24 ;

--
-- Gegevens worden uitgevoerd voor tabel `armor`
--

INSERT INTO `armor` (`id`, `name`, `price`, `defense`) VALUES
(1, 'Loincloth', 10, 5),
(2, 'Shirt', 15, 50),
(3, 'Skin Armor', 100, 400),
(4, 'Linothorax', 320, 900),
(5, 'Cuirass', 515, 1200),
(6, 'Leather Armor', 875, 1850),
(7, 'Chainmail', 1125, 2200),
(8, 'Plate Armor', 2100, 3100),
(9, 'Bronze Armor', 2950, 4250),
(10, 'Steel Armor', 3900, 5150),
(11, 'Golden Armor', 5000, 6300),
(12, 'Diamond Armor', 8325, 7250),
(13, 'Shiny Robe', 1250, 2575),
(14, 'Sorceress Skin', 4000, 4900),
(15, 'Invincible Cloak', 8150, 7100),
(16, 'Dragon Skull Armor', 9950, 8500),
(17, 'Dragon Skin', 9950, 8500),
(18, 'Tear of God', 15000, 9750),
(19, 'Giant Shell', 0, 400),
(20, 'Skeleton Armor', 0, 625),
(21, 'Evil Aura', 0, 1800),
(22, 'Human Skin Armor', 0, 2375),
(23, 'Apocalypse Armor', 0, 2925);

-- --------------------------------------------------------

--
-- Tabelstructuur voor tabel `city`
--

CREATE TABLE IF NOT EXISTS `city` (
  `id` int(11) NOT NULL AUTO_INCREMENT,
  `name` varchar(50) NOT NULL,
  `region_id` int(11) NOT NULL,
  PRIMARY KEY (`id`),
  UNIQUE KEY `id` (`id`)
) ENGINE=InnoDB  DEFAULT CHARSET=latin1 AUTO_INCREMENT=28 ;

--
-- Gegevens worden uitgevoerd voor tabel `city`
--

INSERT INTO `city` (`id`, `name`, `region_id`) VALUES
(1, 'Knael', 4),
(2, 'Troy', 4),
(3, 'Pacifa', 4),
(4, 'Onker', 4),
(5, 'Quiro', 4),
(6, 'Antsor', 4),
(7, 'Harbor', 3),
(8, 'Montse', 3),
(9, 'Laeks', 3),
(10, 'Vermon', 3),
(11, 'Nordberg', 3),
(12, 'Charcol', 5),
(13, 'Droins', 5),
(14, 'Mordor', 5),
(15, 'Unterdages', 5),
(16, 'Drakegor', 5),
(17, 'Xantr', 5),
(18, 'Yester', 5),
(19, 'Tomparf', 1),
(20, 'Preqeu', 1),
(21, 'Hansora', 1),
(22, 'Ismir', 1),
(23, 'Sempre City', 2),
(24, 'Nayak', 2),
(25, 'Umprivaklo', 2),
(26, 'Fjitsur', 2),
(27, 'Soyaki', 2);

-- --------------------------------------------------------

--
-- Tabelstructuur voor tabel `creature`
--

CREATE TABLE IF NOT EXISTS `creature` (
  `id` int(11) NOT NULL AUTO_INCREMENT,
  `name` varchar(50) NOT NULL,
  `attack` int(11) NOT NULL,
  `defense` int(11) NOT NULL,
  `max_health` int(11) NOT NULL,
  `health` int(11) NOT NULL,
  `gold` int(11) NOT NULL,
  `experience` int(11) NOT NULL,
  `region_id` int(11) NOT NULL,
  PRIMARY KEY (`id`),
  UNIQUE KEY `id` (`id`)
) ENGINE=InnoDB  DEFAULT CHARSET=latin1 AUTO_INCREMENT=261 ;

--
-- Gegevens worden uitgevoerd voor tabel `creature`
--

INSERT INTO `creature` (`id`, `name`, `attack`, `defense`, `max_health`, `health`, `gold`, `experience`, `region_id`) VALUES
(1, 'Killer Bee', 3, 5, 10, 10, 2, 1, 1),
(2, 'Killer Bee', 3, 5, 10, 10, 2, 1, 1),
(3, 'Killer Bee', 3, 5, 10, 10, 2, 1, 1),
(4, 'Killer Bee', 3, 5, 10, 8, 2, 1, 1),
(5, 'Killer Bee', 3, 5, 10, 10, 2, 1, 1),
(6, 'Killer Bee', 3, 5, 10, 2, 2, 1, 1),
(7, 'Killer Bee', 3, 5, 10, 10, 2, 1, 1),
(8, 'Killer Bee', 3, 5, 10, 10, 2, 1, 1),
(9, 'Killer Bee', 3, 5, 10, 5, 2, 1, 1),
(10, 'Bat', 8, 10, 12, 12, 2, 5, 1),
(11, 'Bat', 8, 10, 12, 12, 2, 5, 1),
(12, 'Bat', 8, 10, 12, 12, 2, 5, 1),
(13, 'Bat', 8, 10, 12, 5, 2, 5, 1),
(14, 'Bat', 8, 10, 12, 12, 2, 5, 1),
(15, 'Bat', 8, 10, 12, 12, 2, 5, 1),
(16, 'Bat', 8, 10, 12, 12, 2, 5, 1),
(17, 'Bat', 8, 10, 12, 11, 2, 5, 1),
(18, 'Bat', 8, 10, 12, 12, 2, 5, 1),
(19, 'Bat', 8, 10, 12, 12, 2, 5, 1),
(20, 'Bat', 8, 10, 12, 12, 2, 5, 1),
(21, 'Bat', 8, 10, 12, 6, 2, 5, 1),
(22, 'Bat', 8, 10, 12, 12, 2, 5, 1),
(23, 'Imp', 4, 15, 20, 20, 5, 8, 1),
(24, 'Imp', 4, 15, 20, 19, 5, 8, 1),
(25, 'Imp', 4, 15, 20, 20, 5, 8, 1),
(26, 'Imp', 4, 15, 20, 20, 5, 8, 1),
(27, 'Imp', 4, 15, 20, 20, 5, 8, 1),
(28, 'Imp', 4, 15, 20, 20, 5, 8, 1),
(29, 'Imp', 4, 15, 20, 20, 5, 8, 1),
(30, 'Imp', 4, 15, 20, 2, 5, 8, 1),
(31, 'Imp', 4, 15, 20, 20, 5, 8, 1),
(32, 'Imp', 4, 15, 20, 20, 5, 8, 1),
(33, 'Imp', 4, 15, 20, 20, 5, 8, 1),
(34, 'Tarantula', 18, 7, 15, 15, 7, 10, 1),
(35, 'Tarantula', 18, 7, 15, 11, 7, 10, 1),
(36, 'Tarantula', 18, 7, 15, 15, 7, 10, 1),
(37, 'Tarantula', 18, 7, 15, 15, 7, 10, 1),
(38, 'Tarantula', 18, 7, 15, 15, 7, 10, 1),
(39, 'Tarantula', 18, 7, 15, 15, 7, 10, 1),
(40, 'Tarantula', 18, 7, 15, 3, 7, 10, 1),
(41, 'Tarantula', 18, 7, 15, 15, 7, 10, 1),
(42, 'Tarantula', 18, 7, 15, 15, 7, 10, 1),
(43, 'Goblin', 30, 10, 25, 25, 10, 12, 1),
(44, 'Goblin', 30, 10, 25, 25, 10, 12, 1),
(45, 'Goblin', 30, 10, 25, 12, 10, 12, 1),
(46, 'Goblin', 30, 10, 25, 25, 10, 12, 1),
(47, 'Goblin', 30, 10, 25, 25, 10, 12, 1),
(48, 'Goblin', 30, 10, 25, 25, 10, 12, 1),
(49, 'Goblin', 30, 10, 25, 25, 10, 12, 1),
(50, 'Goblin', 30, 10, 25, 5, 10, 12, 1),
(51, 'Goblin', 30, 10, 25, 25, 10, 12, 1),
(52, 'Goblin', 30, 10, 25, 25, 10, 12, 1),
(53, 'Goblin', 30, 10, 25, 25, 10, 12, 1),
(54, 'Orc', 30, 20, 30, 30, 10, 15, 1),
(55, 'Orc', 30, 20, 30, 30, 10, 15, 1),
(56, 'Orc', 30, 20, 30, 30, 10, 15, 1),
(57, 'Orc', 30, 20, 30, 23, 10, 15, 1),
(58, 'Orc', 30, 20, 30, 30, 10, 15, 1),
(59, 'Orc', 30, 20, 30, 30, 10, 15, 1),
(60, 'Orc', 30, 20, 30, 30, 10, 15, 1),
(61, 'Orc', 30, 20, 30, 30, 10, 15, 1),
(62, 'Orc', 30, 20, 30, 3, 10, 15, 1),
(63, 'Orc', 30, 20, 30, 30, 10, 15, 1),
(64, 'Orc', 30, 20, 30, 45, 10, 15, 1),
(65, 'Orc', 30, 20, 30, 30, 10, 15, 1),
(66, 'Orc', 30, 20, 30, 30, 10, 15, 1),
(67, 'Orc', 30, 20, 30, 30, 10, 15, 1),
(68, 'Orc', 30, 20, 30, 30, 10, 15, 1),
(69, 'Kobold', 30, 60, 110, 110, 25, 22, 2),
(70, 'Kobold', 30, 60, 110, 110, 25, 22, 2),
(71, 'Kobold', 30, 60, 110, 110, 25, 22, 2),
(72, 'Kobold', 30, 60, 110, 75, 25, 22, 2),
(73, 'Kobold', 30, 60, 110, 110, 25, 22, 2),
(74, 'Kobold', 30, 60, 110, 110, 25, 22, 2),
(75, 'Kobold', 30, 60, 110, 110, 25, 22, 2),
(76, 'Kobold', 30, 60, 110, 110, 25, 22, 2),
(77, 'Kobold', 30, 60, 110, 63, 25, 22, 2),
(78, 'Kobold', 30, 60, 110, 110, 25, 22, 2),
(79, 'Kobold', 30, 60, 110, 110, 25, 22, 2),
(80, 'Kobold', 30, 60, 110, 110, 25, 22, 2),
(81, 'Kobold', 30, 60, 110, 22, 25, 22, 2),
(82, 'Kobold', 30, 60, 110, 110, 25, 22, 2),
(83, 'Kobold', 30, 60, 110, 110, 25, 22, 2),
(84, 'Kobold', 30, 60, 110, 109, 25, 22, 2),
(85, 'Kobold', 30, 60, 110, 110, 25, 22, 2),
(86, 'Gargoyle', 44, 30, 90, 90, 20, 25, 2),
(87, 'Gargoyle', 44, 30, 90, 74, 20, 25, 2),
(88, 'Gargoyle', 44, 30, 90, 90, 20, 25, 2),
(89, 'Gargoyle', 44, 30, 90, 56, 20, 25, 2),
(90, 'Gargoyle', 44, 30, 90, 90, 20, 25, 2),
(91, 'Gargoyle', 44, 30, 90, 90, 20, 25, 2),
(92, 'Gargoyle', 44, 30, 90, 90, 20, 25, 2),
(93, 'Gargoyle', 44, 30, 90, 11, 20, 25, 2),
(94, 'Gargoyle', 44, 30, 90, 90, 20, 25, 2),
(95, 'Gargoyle', 44, 30, 90, 90, 20, 25, 2),
(96, 'Ghost', 40, 65, 150, 150, 0, 40, 2),
(97, 'Ghost', 40, 65, 150, 150, 0, 40, 2),
(98, 'Ghost', 40, 65, 150, 33, 0, 40, 2),
(99, 'Ghost', 40, 65, 150, 150, 0, 40, 2),
(100, 'Ghost', 40, 65, 150, 150, 0, 40, 2),
(101, 'Ghost', 40, 65, 150, 150, 0, 40, 2),
(102, 'Ghost', 40, 65, 150, 150, 0, 40, 2),
(103, 'Ghost', 40, 65, 150, 150, 0, 40, 2),
(104, 'Ghost', 40, 65, 150, 150, 0, 40, 2),
(105, 'Ghost', 40, 65, 150, 150, 0, 40, 2),
(106, 'Magog', 60, 60, 60, 60, 60, 20, 2),
(107, 'Magog', 60, 60, 60, 60, 60, 20, 2),
(108, 'Magog', 60, 60, 60, 60, 60, 20, 2),
(109, 'Magog', 60, 60, 60, 60, 60, 20, 2),
(110, 'Magog', 60, 60, 60, 60, 60, 20, 2),
(111, 'Magog', 60, 60, 60, 12, 60, 20, 2),
(112, 'Magog', 60, 60, 60, 60, 60, 20, 2),
(113, 'Magog', 60, 60, 60, 60, 60, 20, 2),
(114, 'Magog', 60, 60, 60, 60, 60, 20, 2),
(115, 'Magog', 60, 60, 60, 60, 60, 20, 2),
(116, 'Magog', 60, 60, 60, 60, 60, 20, 2),
(117, 'Magog', 60, 60, 60, 60, 60, 20, 2),
(118, 'Magog', 60, 60, 60, 60, 60, 20, 2),
(119, 'Magog', 60, 60, 60, 60, 60, 20, 2),
(120, 'Magog', 60, 60, 60, 60, 60, 20, 2),
(121, 'Magog', 60, 60, 60, 60, 60, 20, 2),
(122, 'Wraith', 75, 25, 75, 75, 20, 35, 2),
(123, 'Wraith', 75, 25, 75, 75, 20, 35, 2),
(124, 'Wraith', 75, 25, 75, 75, 20, 35, 2),
(125, 'Wraith', 75, 25, 75, 75, 20, 35, 2),
(126, 'Wraith', 75, 25, 75, 75, 20, 35, 2),
(127, 'Wraith', 75, 25, 75, 75, 20, 35, 2),
(128, 'Troll', 95, 70, 150, 150, 80, 50, 3),
(129, 'Troll', 95, 70, 150, 150, 80, 50, 3),
(130, 'Troll', 95, 70, 150, 104, 80, 50, 3),
(131, 'Troll', 95, 70, 150, 150, 80, 50, 3),
(132, 'Troll', 95, 70, 150, 150, 80, 50, 3),
(133, 'Troll', 95, 70, 150, 150, 80, 50, 3),
(134, 'Troll', 95, 70, 150, 150, 80, 50, 3),
(135, 'Troll', 95, 70, 150, 150, 80, 50, 3),
(136, 'Troll', 95, 70, 150, 150, 80, 50, 3),
(137, 'Golem', 100, 75, 135, 135, 30, 50, 3),
(138, 'Golem', 100, 75, 135, 135, 30, 50, 3),
(139, 'Golem', 100, 75, 135, 135, 30, 50, 3),
(140, 'Golem', 100, 75, 135, 135, 30, 50, 3),
(141, 'Golem', 100, 75, 135, 105, 30, 50, 3),
(142, 'Golem', 100, 75, 135, 135, 30, 50, 3),
(143, 'Golem', 100, 75, 135, 135, 30, 50, 3),
(145, 'Golem', 100, 75, 135, 132, 30, 50, 3),
(146, 'Golem', 100, 75, 135, 135, 30, 50, 3),
(147, 'Golem', 100, 75, 135, 135, 30, 50, 3),
(148, 'Golem', 100, 75, 135, 135, 30, 50, 3),
(149, 'Demon', 150, 45, 100, 100, 55, 55, 3),
(150, 'Demon', 150, 45, 100, 100, 55, 55, 3),
(151, 'Demon', 150, 45, 100, 100, 55, 55, 3),
(152, 'Demon', 150, 45, 100, 56, 55, 55, 3),
(153, 'Demon', 150, 45, 100, 100, 55, 55, 3),
(154, 'Demon', 150, 45, 100, 100, 55, 55, 3),
(155, 'Demon', 150, 45, 100, 100, 55, 55, 3),
(156, 'Troglodyte', 120, 80, 180, 180, 45, 58, 3),
(157, 'Troglodyte', 120, 80, 180, 180, 45, 58, 3),
(158, 'Troglodyte', 120, 80, 180, 180, 45, 58, 3),
(159, 'Troglodyte', 120, 80, 180, 180, 45, 58, 3),
(160, 'Troglodyte', 120, 80, 180, 180, 45, 58, 3),
(161, 'Troglodyte', 120, 80, 180, 122, 45, 58, 3),
(162, 'Troglodyte', 120, 80, 180, 180, 45, 58, 3),
(163, 'Troglodyte', 120, 80, 180, 180, 45, 58, 3),
(164, 'Troglodyte', 120, 80, 180, 180, 45, 58, 3),
(165, 'Valkyrie', 100, 110, 220, 220, 50, 60, 3),
(166, 'Valkyrie', 100, 110, 220, 220, 50, 60, 3),
(167, 'Valkyrie', 100, 110, 220, 220, 50, 60, 3),
(168, 'Valkyrie', 100, 110, 220, 220, 50, 60, 3),
(169, 'Valkyrie', 100, 110, 220, 220, 50, 60, 3),
(170, 'Valkyrie', 100, 110, 220, 220, 50, 60, 3),
(171, 'Valkyrie', 100, 110, 220, 220, 50, 60, 3),
(172, 'Valkyrie', 100, 110, 220, 198, 50, 60, 3),
(173, 'Valkyrie', 100, 110, 220, 220, 50, 60, 3),
(174, 'Valkyrie', 100, 110, 220, 220, 50, 60, 3),
(175, 'Valkyrie', 100, 110, 220, 220, 50, 60, 3),
(176, 'Valkyrie', 100, 110, 220, 220, 50, 60, 3),
(177, 'Valkyrie', 100, 110, 220, 220, 50, 60, 3),
(178, 'Valkyrie', 100, 110, 220, 220, 50, 60, 3),
(179, 'Centaur', 165, 190, 150, 150, 44, 65, 3),
(180, 'Centaur', 165, 190, 150, 150, 44, 65, 3),
(181, 'Centaur', 165, 190, 150, 150, 44, 65, 3),
(182, 'Centaur', 165, 190, 150, 150, 44, 65, 3),
(183, 'Centaur', 165, 190, 150, 150, 44, 65, 3),
(184, 'Centaur', 165, 190, 150, 150, 44, 65, 3),
(185, 'Centaur', 165, 190, 150, 150, 44, 65, 3),
(186, 'Centaur', 165, 190, 150, 150, 44, 65, 3),
(187, 'Gorgon', 185, 200, 250, 250, 60, 68, 4),
(188, 'Gorgon', 185, 200, 250, 250, 60, 68, 4),
(189, 'Gorgon', 185, 200, 250, 250, 60, 68, 4),
(190, 'Gorgon', 185, 200, 250, 219, 60, 68, 4),
(191, 'Gorgon', 185, 200, 250, 250, 60, 68, 4),
(192, 'Gorgon', 185, 200, 250, 250, 60, 68, 4),
(193, 'Gorgon', 185, 200, 250, 250, 60, 68, 4),
(194, 'Gorgon', 185, 200, 250, 250, 60, 68, 4),
(195, 'Cyclops', 240, 285, 230, 230, 40, 72, 4),
(196, 'Cyclops', 240, 285, 230, 230, 40, 72, 4),
(197, 'Cyclops', 240, 285, 230, 230, 40, 72, 4),
(198, 'Cyclops', 240, 285, 230, 230, 40, 72, 4),
(199, 'Cyclops', 240, 285, 230, 57, 40, 72, 4),
(200, 'Cyclops', 240, 285, 230, 230, 40, 72, 4),
(201, 'Cyclops', 240, 285, 230, 230, 40, 72, 4),
(202, 'Cyclops', 240, 285, 230, 230, 40, 72, 4),
(203, 'Hydra', 290, 300, 250, 250, 50, 75, 4),
(204, 'Hydra', 290, 300, 250, 250, 50, 75, 4),
(205, 'Hydra', 290, 300, 250, 250, 50, 75, 4),
(206, 'Hydra', 290, 300, 250, 250, 50, 75, 4),
(207, 'Hydra', 290, 300, 250, 250, 50, 75, 4),
(208, 'Hydra', 290, 300, 250, 202, 50, 75, 4),
(209, 'Hydra', 290, 300, 250, 250, 50, 75, 4),
(210, 'Hydra', 290, 300, 250, 250, 50, 75, 4),
(211, 'Hydra', 290, 300, 250, 250, 50, 75, 4),
(212, 'Hydra', 290, 300, 250, 48, 50, 75, 4),
(213, 'Hydra', 290, 300, 250, 250, 50, 75, 4),
(214, 'Hydra', 290, 300, 250, 250, 50, 75, 4),
(215, 'Hydra', 290, 300, 250, 250, 50, 75, 4),
(216, 'Hydra', 290, 300, 250, 1, 50, 75, 4),
(217, 'Hydra', 290, 300, 250, 250, 50, 75, 4),
(218, 'Pterodactyl', 405, 360, 200, 200, 20, 77, 4),
(219, 'Pterodactyl', 405, 360, 200, 200, 20, 77, 4),
(220, 'Pterodactyl', 405, 360, 200, 200, 20, 77, 4),
(221, 'Pterodactyl', 405, 360, 200, 200, 20, 77, 4),
(222, 'Pterodactyl', 405, 360, 200, 6, 20, 77, 4),
(223, 'Pterodactyl', 405, 360, 200, 200, 20, 77, 4),
(224, 'Pterodactyl', 405, 360, 200, 200, 20, 77, 4),
(225, 'Titan', 680, 560, 800, 800, 0, 250, 5),
(226, 'Titan', 680, 560, 800, 800, 0, 250, 5),
(227, 'Titan', 680, 560, 800, 799, 0, 250, 5),
(228, 'Titan', 680, 560, 800, 800, 0, 250, 5),
(229, 'Titan', 680, 560, 800, 800, 0, 250, 5),
(230, 'Minotaur', 520, 490, 590, 590, 120, 200, 5),
(231, 'Minotaur', 520, 490, 590, 590, 120, 200, 5),
(232, 'Minotaur', 520, 490, 590, 590, 120, 200, 5),
(233, 'Minotaur', 520, 490, 590, 590, 120, 200, 5),
(234, 'Minotaur', 520, 490, 590, 590, 120, 200, 5),
(235, 'Minotaur', 520, 490, 590, 590, 120, 200, 5),
(236, 'Minotaur', 520, 490, 590, 590, 120, 200, 5),
(237, 'Behemoth', 610, 310, 890, 890, 105, 280, 5),
(238, 'Behemoth', 610, 310, 890, 890, 105, 280, 5),
(239, 'Behemoth', 610, 310, 890, 890, 105, 280, 5),
(240, 'Behemoth', 610, 310, 890, 890, 105, 280, 5),
(241, 'Behemoth', 610, 310, 890, 890, 105, 280, 5),
(242, 'Behemoth', 610, 310, 890, 890, 105, 280, 5),
(243, 'Behemoth', 610, 310, 890, 890, 105, 280, 5),
(244, 'Behemoth', 610, 310, 890, 890, 105, 280, 5),
(245, 'Behemoth', 610, 310, 890, 890, 105, 280, 5),
(246, 'Behemoth', 610, 310, 890, 890, 105, 280, 5),
(247, 'Behemoth', 610, 310, 890, 890, 105, 280, 5),
(248, 'Wyvern', 785, 610, 725, 725, 200, 300, 5),
(249, 'Wyvern', 785, 610, 725, 725, 200, 300, 5),
(250, 'Wyvern', 785, 610, 725, 725, 200, 300, 5),
(251, 'Wyvern', 785, 610, 725, 725, 200, 300, 5),
(252, 'Wyvern', 785, 610, 725, 725, 200, 300, 5),
(253, 'Wyvern', 785, 610, 725, 725, 200, 300, 5),
(254, 'Wyvern', 785, 610, 725, 725, 200, 300, 5),
(255, 'Wyvern', 785, 610, 725, 725, 200, 300, 5),
(256, 'Red Dragon', 2500, 2500, 1000, 1000, 1500, 500, 1),
(257, 'Green Dragon', 2500, 4500, 1000, 1000, 1500, 650, 2),
(258, 'Brown Dragon', 3000, 3000, 2000, 2000, 1500, 650, 3),
(259, 'Black Dragon', 5000, 5000, 3000, 3000, 2500, 850, 4),
(260, 'White Dragon', 7500, 6000, 4000, 4000, 5000, 1000, 5);

-- --------------------------------------------------------

--
-- Tabelstructuur voor tabel `hero`
--

CREATE TABLE IF NOT EXISTS `hero` (
  `id` int(11) NOT NULL AUTO_INCREMENT,
  `level` int(11) NOT NULL,
  `health` int(11) NOT NULL,
  `stamina` int(11) NOT NULL,
  `intelligence` int(11) NOT NULL,
  `charisma` int(11) NOT NULL,
  `resilience` int(11) NOT NULL,
  `person_id` int(11) NOT NULL,
  PRIMARY KEY (`id`),
  UNIQUE KEY `id` (`id`)
) ENGINE=InnoDB  DEFAULT CHARSET=latin1 AUTO_INCREMENT=11 ;

--
-- Gegevens worden uitgevoerd voor tabel `hero`
--

INSERT INTO `hero` (`id`, `level`, `health`, `stamina`, `intelligence`, `charisma`, `resilience`, `person_id`) VALUES
(1, 9, 1035, 30, 70, 80, 60, 1),
(2, 35, 3585, 50, 40, 10, 30, 2),
(3, 2, 500, 80, 30, 60, 70, 3),
(4, 16, 1760, 80, 90, 50, 60, 4),
(5, 11, 1530, 10, 30, 90, 20, 5),
(6, 3, 420, 90, 20, 80, 50, 6),
(7, 14, 1350, 60, 30, 70, 60, 7),
(8, 9, 1370, 20, 90, 60, 70, 8),
(9, 20, 2630, 90, 20, 90, 40, 9),
(10, 1, 210, 10, 80, 30, 30, 10);

-- --------------------------------------------------------

--
-- Tabelstructuur voor tabel `npc`
--

CREATE TABLE IF NOT EXISTS `npc` (
  `id` int(11) NOT NULL AUTO_INCREMENT,
  `health` int(11) NOT NULL,
  `profession` varchar(100) NOT NULL,
  `city_id` int(11) NOT NULL,
  `person_id` int(11) NOT NULL,
  PRIMARY KEY (`id`),
  UNIQUE KEY `id` (`id`)
) ENGINE=InnoDB  DEFAULT CHARSET=latin1 AUTO_INCREMENT=195 ;

--
-- Gegevens worden uitgevoerd voor tabel `npc`
--

INSERT INTO `npc` (`id`, `health`, `profession`, `city_id`, `person_id`) VALUES
(1, 10000, 'Boss', 20, 11),
(2, 22000, 'Boss', 25, 12),
(3, 28000, 'Boss', 11, 13),
(4, 35500, 'Boss', 3, 14),
(5, 50000, 'Boss', 18, 15),
(6, 571, 'Blacksmith', 1, 16),
(7, 219, 'Apothecary', 1, 17),
(8, 333, 'Tailor', 1, 18),
(9, 599, 'Innkeeper', 1, 19),
(10, 104, 'Craftsman', 1, 20),
(11, 475, 'Pet Trainer', 1, 21),
(12, 595, 'Elder', 1, 22),
(13, 170, 'Blacksmith', 2, 23),
(14, 309, 'Apothecary', 2, 24),
(15, 387, 'Tailor', 2, 25),
(16, 510, 'Innkeeper', 2, 26),
(17, 370, 'Craftsman', 2, 27),
(18, 539, 'Pet Trainer', 2, 28),
(19, 391, 'Elder', 2, 29),
(20, 531, 'Blacksmith', 3, 30),
(21, 155, 'Apothecary', 3, 31),
(22, 416, 'Tailor', 3, 32),
(23, 189, 'Innkeeper', 3, 33),
(24, 566, 'Craftsman', 3, 34),
(25, 295, 'Pet Trainer', 3, 35),
(26, 428, 'Elder', 3, 36),
(27, 455, 'Blacksmith', 4, 37),
(28, 341, 'Apothecary', 4, 38),
(29, 450, 'Tailor', 4, 39),
(30, 116, 'Innkeeper', 4, 40),
(31, 505, 'Craftsman', 4, 41),
(32, 467, 'Pet Trainer', 4, 42),
(33, 287, 'Elder', 4, 43),
(34, 293, 'Blacksmith', 5, 44),
(35, 587, 'Apothecary', 5, 45),
(36, 485, 'Tailor', 5, 46),
(37, 220, 'Innkeeper', 5, 47),
(38, 495, 'Craftsman', 5, 48),
(39, 327, 'Pet Trainer', 5, 49),
(40, 103, 'Elder', 5, 50),
(41, 349, 'Blacksmith', 6, 51),
(42, 117, 'Apothecary', 6, 52),
(43, 117, 'Tailor', 6, 53),
(44, 144, 'Innkeeper', 6, 54),
(45, 575, 'Craftsman', 6, 55),
(46, 281, 'Pet Trainer', 6, 56),
(47, 140, 'Elder', 6, 57),
(48, 400, 'Blacksmith', 7, 58),
(49, 457, 'Apothecary', 7, 59),
(50, 218, 'Tailor', 7, 60),
(51, 362, 'Innkeeper', 7, 61),
(52, 444, 'Craftsman', 7, 62),
(53, 414, 'Pet Trainer', 7, 63),
(54, 543, 'Elder', 7, 64),
(55, 400, 'Blacksmith', 8, 65),
(56, 160, 'Apothecary', 8, 66),
(57, 535, 'Tailor', 8, 67),
(58, 146, 'Innkeeper', 8, 68),
(59, 299, 'Craftsman', 8, 69),
(60, 368, 'Pet Trainer', 8, 70),
(61, 171, 'Elder', 8, 71),
(62, 580, 'Blacksmith', 9, 72),
(63, 496, 'Apothecary', 9, 73),
(64, 460, 'Tailor', 9, 74),
(65, 545, 'Innkeeper', 9, 75),
(66, 125, 'Craftsman', 9, 76),
(67, 578, 'Pet Trainer', 9, 77),
(68, 276, 'Elder', 9, 78),
(69, 386, 'Blacksmith', 10, 79),
(70, 335, 'Apothecary', 10, 80),
(71, 595, 'Tailor', 10, 81),
(72, 229, 'Innkeeper', 10, 82),
(73, 335, 'Craftsman', 10, 83),
(74, 461, 'Pet Trainer', 10, 84),
(75, 241, 'Elder', 10, 85),
(76, 340, 'Blacksmith', 11, 86),
(77, 461, 'Apothecary', 11, 87),
(78, 537, 'Tailor', 11, 88),
(79, 348, 'Innkeeper', 11, 89),
(80, 371, 'Craftsman', 11, 90),
(81, 279, 'Pet Trainer', 11, 91),
(82, 300, 'Elder', 11, 92),
(83, 396, 'Blacksmith', 12, 93),
(84, 539, 'Apothecary', 12, 94),
(85, 271, 'Tailor', 12, 95),
(86, 485, 'Innkeeper', 12, 96),
(87, 250, 'Craftsman', 12, 97),
(88, 440, 'Pet Trainer', 12, 98),
(89, 107, 'Elder', 12, 99),
(90, 380, 'Blacksmith', 13, 100),
(91, 585, 'Apothecary', 13, 101),
(92, 306, 'Tailor', 13, 102),
(93, 399, 'Innkeeper', 13, 103),
(94, 237, 'Craftsman', 13, 104),
(95, 260, 'Pet Trainer', 13, 105),
(96, 519, 'Elder', 13, 106),
(97, 592, 'Blacksmith', 14, 107),
(98, 457, 'Apothecary', 14, 108),
(99, 338, 'Tailor', 14, 109),
(100, 408, 'Innkeeper', 14, 110),
(101, 147, 'Craftsman', 14, 111),
(102, 429, 'Pet Trainer', 14, 112),
(103, 425, 'Elder', 14, 113),
(104, 425, 'Blacksmith', 15, 114),
(105, 235, 'Apothecary', 15, 115),
(106, 589, 'Tailor', 15, 116),
(107, 279, 'Innkeeper', 15, 117),
(108, 231, 'Craftsman', 15, 118),
(109, 183, 'Pet Trainer', 15, 119),
(110, 518, 'Elder', 15, 120),
(111, 417, 'Blacksmith', 16, 121),
(112, 181, 'Apothecary', 16, 122),
(113, 191, 'Tailor', 16, 123),
(114, 294, 'Innkeeper', 16, 124),
(115, 141, 'Craftsman', 16, 125),
(116, 214, 'Pet Trainer', 16, 126),
(117, 278, 'Elder', 16, 127),
(118, 165, 'Blacksmith', 17, 128),
(119, 408, 'Apothecary', 17, 129),
(120, 154, 'Tailor', 17, 130),
(121, 548, 'Innkeeper', 17, 131),
(122, 475, 'Craftsman', 17, 132),
(123, 242, 'Pet Trainer', 17, 133),
(124, 515, 'Elder', 17, 134),
(125, 365, 'Blacksmith', 18, 135),
(126, 500, 'Apothecary', 18, 136),
(127, 337, 'Tailor', 18, 137),
(128, 259, 'Innkeeper', 18, 138),
(129, 597, 'Craftsman', 18, 139),
(130, 107, 'Pet Trainer', 18, 140),
(131, 478, 'Elder', 18, 141),
(132, 293, 'Blacksmith', 19, 142),
(133, 418, 'Apothecary', 19, 143),
(134, 571, 'Tailor', 19, 144),
(135, 125, 'Innkeeper', 19, 145),
(136, 137, 'Craftsman', 19, 146),
(137, 347, 'Pet Trainer', 19, 147),
(138, 252, 'Elder', 19, 148),
(139, 170, 'Blacksmith', 20, 149),
(140, 418, 'Apothecary', 20, 150),
(141, 122, 'Tailor', 20, 151),
(142, 437, 'Innkeeper', 20, 152),
(143, 359, 'Craftsman', 20, 153),
(144, 392, 'Pet Trainer', 20, 154),
(145, 220, 'Elder', 20, 155),
(146, 358, 'Blacksmith', 21, 156),
(147, 570, 'Apothecary', 21, 157),
(148, 135, 'Tailor', 21, 158),
(149, 224, 'Innkeeper', 21, 159),
(150, 403, 'Craftsman', 21, 160),
(151, 389, 'Pet Trainer', 21, 161),
(152, 389, 'Elder', 21, 162),
(153, 300, 'Blacksmith', 22, 163),
(154, 536, 'Apothecary', 22, 164),
(155, 498, 'Tailor', 22, 165),
(156, 282, 'Innkeeper', 22, 166),
(157, 580, 'Craftsman', 22, 167),
(158, 320, 'Pet Trainer', 22, 168),
(159, 166, 'Elder', 22, 169),
(160, 434, 'Blacksmith', 23, 170),
(161, 501, 'Apothecary', 23, 171),
(162, 540, 'Tailor', 23, 172),
(163, 225, 'Innkeeper', 23, 173),
(164, 277, 'Craftsman', 23, 174),
(165, 354, 'Pet Trainer', 23, 175),
(166, 403, 'Elder', 23, 176),
(167, 419, 'Blacksmith', 24, 177),
(168, 251, 'Apothecary', 24, 178),
(169, 466, 'Tailor', 24, 179),
(170, 496, 'Innkeeper', 24, 180),
(171, 582, 'Craftsman', 24, 181),
(172, 229, 'Pet Trainer', 24, 182),
(173, 155, 'Elder', 24, 183),
(174, 233, 'Blacksmith', 25, 184),
(175, 338, 'Apothecary', 25, 185),
(176, 257, 'Tailor', 25, 186),
(177, 388, 'Innkeeper', 25, 187),
(178, 478, 'Craftsman', 25, 188),
(179, 462, 'Pet Trainer', 25, 189),
(180, 269, 'Elder', 25, 190),
(181, 401, 'Blacksmith', 26, 191),
(182, 394, 'Apothecary', 26, 192),
(183, 408, 'Tailor', 26, 193),
(184, 467, 'Innkeeper', 26, 194),
(185, 392, 'Craftsman', 26, 195),
(186, 235, 'Pet Trainer', 26, 196),
(187, 293, 'Elder', 26, 197),
(188, 440, 'Blacksmith', 27, 198),
(189, 192, 'Apothecary', 27, 199),
(190, 425, 'Tailor', 27, 200),
(191, 513, 'Innkeeper', 27, 201),
(192, 192, 'Craftsman', 27, 202),
(193, 242, 'Pet Trainer', 27, 203),
(194, 162, 'Elder', 27, 204);

-- --------------------------------------------------------

--
-- Tabelstructuur voor tabel `person`
--

CREATE TABLE IF NOT EXISTS `person` (
  `id` int(11) NOT NULL AUTO_INCREMENT,
  `name` varchar(50) NOT NULL,
  `sex` char(1) NOT NULL,
  `max_health` int(11) NOT NULL,
  `attack` int(11) NOT NULL,
  `defense` int(11) NOT NULL,
  `agility` int(11) NOT NULL,
  `experience` int(11) NOT NULL,
  `gold` int(11) NOT NULL,
  `weapon_id` int(11) NOT NULL,
  `armor_id` int(11) NOT NULL,
  PRIMARY KEY (`id`),
  UNIQUE KEY `id` (`id`)
) ENGINE=InnoDB  DEFAULT CHARSET=latin1 AUTO_INCREMENT=205 ;

--
-- Gegevens worden uitgevoerd voor tabel `person`
--

INSERT INTO `person` (`id`, `name`, `sex`, `max_health`, `attack`, `defense`, `agility`, `experience`, `gold`, `weapon_id`, `armor_id`) VALUES
(1, 'Konan', 'm', 1235, 120, 85, 50, 3652, 1850, 15, 4),
(2, 'Captain America', 'm', 3585, 700, 165, 183, 4979965, 1800, 36, 17),
(3, 'Mega Mindy', 'f', 500, 40, 60, 15, 540, 110, 46, 8),
(4, 'Catwoman', 'f', 1760, 60, 100, 80, 25700, 1030, 47, 2),
(5, 'Buzz Lightyear', 'm', 1530, 185, 160, 60, 6380, 1345, 6, 11),
(6, 'Mario', 'm', 420, 24, 28, 27, 697, 160, 16, 7),
(7, 'Shrek', 'm', 1360, 70, 68, 30, 14720, 467, 29, 4),
(8, 'Dante', 'm', 1370, 93, 74, 112, 3702, 305, 11, 5),
(9, 'Zelda', 'f', 2630, 339, 512, 109, 77443, 1925, 30, 15),
(10, 'Super MeatBoy', 'm', 250, 5, 8, 2, 205, 32, 26, 1),
(11, 'Bowser', 'm', 10000, 400, 100, 80, 500000, 10000, 48, 19),
(12, 'Ser Cauthrien', 'f', 22000, 800, 270, 120, 800000, 14000, 49, 20),
(13, 'Magician Faust', 'm', 28000, 1500, 325, 100, 1500000, 20000, 50, 21),
(14, 'Beelzebub', 'm', 40000, 2500, 610, 40, 2700000, 25000, 51, 22),
(15, 'The Demi-Fiend', 'm', 50000, 3800, 800, 100, 5200000, 40000, 52, 23),
(16, 'Ryn''den', 'm', 571, 118, 184, 76, 0, 1063, 24, 5),
(17, 'Ghas', 'f', 219, 56, 56, 188, 0, 7893, 35, 7),
(18, 'Torhin', 'm', 333, 17, 82, 38, 0, 7181, 2, 5),
(19, 'Sliseror', 'm', 599, 18, 107, 107, 0, 7889, 44, 2),
(20, 'En''war', 'f', 104, 83, 157, 10, 0, 1274, 22, 8),
(21, 'Usttaia', 'f', 475, 140, 144, 98, 0, 1880, 9, 17),
(22, 'Polran', 'f', 595, 169, 126, 30, 0, 5745, 8, 4),
(23, 'Issrak', 'f', 170, 76, 174, 158, 0, 3830, 23, 6),
(24, 'Tredrakel', 'f', 309, 54, 31, 121, 0, 4055, 7, 15),
(25, 'Phoaughough', 'm', 387, 194, 99, 56, 0, 7857, 10, 4),
(26, 'Urnlor', 'f', 510, 124, 50, 138, 0, 2271, 36, 4),
(27, 'Ioma', 'm', 370, 58, 55, 72, 0, 772, 10, 12),
(28, 'Er-rothon', 'm', 539, 45, 22, 141, 0, 3162, 14, 14),
(29, 'Samgha', 'm', 391, 35, 95, 108, 0, 7465, 38, 6),
(30, 'Oldoight', 'f', 531, 35, 115, 99, 0, 3541, 4, 6),
(31, 'Oughattonosy', 'm', 155, 177, 114, 152, 0, 7822, 36, 2),
(32, 'Radardtan', 'm', 416, 90, 58, 109, 0, 1423, 6, 17),
(33, 'Ir''ech', 'm', 189, 110, 91, 111, 0, 6074, 42, 11),
(34, 'Ashzos', 'f', 566, 163, 112, 104, 0, 6871, 41, 10),
(35, 'Nyswhon', 'm', 295, 37, 64, 34, 0, 6036, 23, 15),
(36, 'Perer', 'm', 428, 47, 110, 88, 0, 2670, 8, 8),
(37, 'Tonpryn', 'f', 455, 11, 28, 72, 0, 5514, 10, 10),
(38, 'Chrorad', 'f', 341, 186, 107, 161, 0, 6629, 45, 15),
(39, 'Deemtor', 'm', 450, 135, 129, 56, 0, 655, 31, 14),
(40, 'Ingurn', 'f', 116, 89, 157, 140, 0, 3154, 15, 7),
(41, 'Luzslor', 'm', 505, 132, 36, 88, 0, 7157, 7, 8),
(42, 'Burkelem', 'm', 467, 18, 28, 10, 0, 7394, 3, 9),
(43, 'Chel', 'f', 287, 83, 51, 53, 0, 6012, 10, 3),
(44, 'Drainatin', 'm', 293, 155, 162, 115, 0, 146, 19, 11),
(45, 'Mossay', 'f', 587, 104, 134, 118, 0, 6528, 47, 17),
(46, 'Nyetlor', 'm', 485, 21, 63, 45, 0, 1565, 8, 15),
(47, 'Therton', 'f', 220, 43, 125, 61, 0, 6395, 19, 5),
(48, 'Kotaj', 'm', 495, 28, 121, 165, 0, 5513, 17, 16),
(49, 'Nimani', 'm', 327, 160, 175, 118, 0, 4570, 23, 14),
(50, 'Isuske', 'f', 103, 48, 63, 46, 0, 3925, 24, 15),
(51, 'Ens', 'm', 349, 74, 145, 67, 0, 1230, 45, 16),
(52, 'Chaquean', 'f', 117, 123, 136, 48, 0, 6618, 36, 6),
(53, 'Vamlye', 'm', 117, 142, 11, 87, 0, 7079, 12, 15),
(54, 'Gum', 'm', 144, 153, 29, 107, 0, 6985, 4, 17),
(55, 'Ris''ran', 'm', 575, 110, 140, 60, 0, 4359, 46, 8),
(56, 'Peroust', 'm', 281, 154, 107, 89, 0, 5129, 34, 18),
(57, 'Enys', 'm', 140, 47, 72, 146, 0, 7318, 3, 9),
(58, 'Echuf', 'f', 400, 179, 184, 33, 0, 5703, 27, 5),
(59, 'Liyese', 'm', 457, 189, 154, 11, 0, 3734, 1, 18),
(60, 'Ach''ran', 'f', 218, 10, 71, 18, 0, 4718, 22, 1),
(61, 'Essold', 'm', 362, 85, 166, 51, 0, 287, 21, 9),
(62, 'Uema', 'f', 444, 56, 149, 25, 0, 5772, 38, 6),
(63, 'Xilent', 'm', 414, 76, 71, 106, 0, 207, 31, 4),
(64, 'Nallyeo', 'f', 543, 153, 18, 25, 0, 6401, 16, 11),
(65, 'Undald', 'm', 400, 156, 96, 138, 0, 165, 20, 2),
(66, 'Athemis', 'f', 160, 101, 113, 14, 0, 1840, 4, 16),
(67, 'Awas', 'f', 535, 92, 123, 102, 0, 2574, 15, 6),
(68, 'Rodskel', 'f', 146, 99, 192, 112, 0, 7106, 12, 13),
(69, 'Rainadan', 'f', 299, 84, 106, 79, 0, 1028, 42, 14),
(70, 'Ightalever', 'f', 368, 193, 104, 136, 0, 1457, 6, 5),
(71, 'Shyz', 'm', 171, 136, 13, 130, 0, 2389, 28, 9),
(72, 'Entorm', 'm', 580, 78, 142, 159, 0, 7950, 44, 5),
(73, 'Ina''vor''oph', 'f', 496, 61, 175, 16, 0, 7191, 15, 3),
(74, 'Vernn', 'm', 460, 103, 129, 40, 0, 1896, 19, 3),
(75, 'Tedar', 'm', 545, 30, 166, 33, 0, 5428, 12, 8),
(76, 'Umedyn', 'm', 125, 177, 46, 137, 0, 7910, 29, 15),
(77, 'Nahuz', 'm', 578, 113, 103, 115, 0, 7368, 13, 18),
(78, 'Andril', 'm', 276, 174, 99, 109, 0, 1826, 44, 13),
(79, 'Kalskel', 'f', 386, 178, 72, 131, 0, 3068, 35, 2),
(80, 'Sulthin', 'f', 335, 147, 185, 75, 0, 6554, 27, 18),
(81, 'Tais', 'm', 595, 95, 166, 121, 0, 5687, 35, 16),
(82, 'Tidtan', 'f', 229, 26, 172, 39, 0, 3019, 46, 8),
(83, 'Uinea', 'f', 335, 179, 182, 51, 0, 612, 18, 12),
(84, 'Schehin', 'm', 461, 95, 144, 15, 0, 7261, 11, 7),
(85, 'Roth''gha', 'f', 241, 70, 114, 55, 0, 5821, 37, 7),
(86, 'Hatck', 'f', 340, 110, 165, 129, 0, 5067, 41, 4),
(87, 'Errhat', 'f', 461, 83, 138, 135, 0, 7549, 19, 17),
(88, 'Onck', 'm', 537, 142, 128, 127, 0, 2925, 12, 7),
(89, 'Awoldo', 'f', 348, 51, 57, 173, 0, 3593, 38, 13),
(90, 'Yidini', 'm', 371, 50, 70, 47, 0, 6137, 2, 16),
(91, 'Lyerak', 'f', 279, 117, 32, 192, 0, 6276, 6, 2),
(92, 'Boek', 'm', 300, 150, 81, 155, 0, 6451, 8, 6),
(93, 'Ildsul', 'f', 396, 147, 188, 172, 0, 6094, 46, 3),
(94, 'Blen', 'm', 539, 182, 52, 137, 0, 5352, 41, 12),
(95, 'Emm', 'm', 271, 137, 82, 12, 0, 5041, 33, 17),
(96, 'Samran', 'f', 485, 40, 129, 84, 0, 2026, 30, 7),
(97, 'Sulightust', 'f', 250, 60, 145, 58, 0, 4981, 25, 6),
(98, 'Banor', 'f', 440, 74, 101, 123, 0, 6797, 47, 11),
(99, 'Ineust', 'f', 107, 136, 68, 24, 0, 4917, 26, 8),
(100, 'Ad''hat', 'f', 380, 108, 192, 182, 0, 4606, 26, 2),
(101, 'Tassul', 'f', 585, 54, 129, 93, 0, 6176, 4, 16),
(102, 'Eltasi', 'm', 306, 135, 110, 180, 0, 6930, 28, 6),
(103, 'Lorrodque', 'm', 399, 196, 78, 140, 0, 4660, 19, 9),
(104, 'Peus', 'm', 237, 191, 176, 116, 0, 5291, 11, 5),
(105, 'Seel', 'f', 260, 164, 61, 173, 0, 6625, 15, 16),
(106, 'Riltur', 'm', 519, 188, 118, 185, 0, 7603, 20, 14),
(107, 'Eldtur', 'f', 592, 48, 124, 76, 0, 2794, 15, 17),
(108, 'Enth''ati', 'm', 457, 185, 133, 156, 0, 6557, 17, 6),
(109, 'Cheiahon', 'f', 338, 165, 193, 124, 0, 4946, 32, 8),
(110, 'Hatackvesackos', 'm', 408, 171, 139, 92, 0, 6649, 38, 17),
(111, 'Shyvor', 'm', 147, 104, 137, 24, 0, 6069, 20, 2),
(112, 'Slias', 'm', 429, 108, 140, 61, 0, 1229, 13, 12),
(113, 'Hiy', 'f', 425, 100, 156, 151, 0, 1044, 16, 7),
(114, 'Ackurn', 'm', 425, 159, 71, 67, 0, 5718, 44, 16),
(115, 'Dared-ild', 'm', 235, 80, 140, 119, 0, 6379, 9, 1),
(116, 'Mukovo', 'f', 589, 123, 67, 33, 0, 6707, 30, 1),
(117, 'As''ingy', 'm', 279, 165, 56, 93, 0, 5123, 19, 16),
(118, 'L''mosler', 'm', 231, 26, 38, 105, 0, 2737, 5, 1),
(119, 'Kinunt', 'f', 183, 155, 19, 139, 0, 3981, 13, 16),
(120, 'Oira', 'f', 518, 171, 91, 68, 0, 2814, 45, 12),
(121, 'Cer''ing', 'f', 417, 70, 67, 13, 0, 7077, 6, 14),
(122, 'Ightyril', 'm', 181, 31, 53, 14, 0, 3572, 42, 10),
(123, 'Stusmor', 'm', 191, 115, 169, 32, 0, 2968, 33, 16),
(124, 'Aseyt', 'f', 294, 175, 19, 87, 0, 2111, 26, 7),
(125, 'Anyso', 'f', 141, 118, 69, 76, 0, 2017, 46, 13),
(126, 'Tic', 'm', 214, 89, 169, 146, 0, 6089, 13, 4),
(127, 'Belbel', 'f', 278, 149, 29, 168, 0, 334, 44, 14),
(128, 'Rodkal', 'm', 165, 151, 60, 48, 0, 124, 31, 15),
(129, 'Iatas', 'f', 408, 191, 130, 189, 0, 996, 38, 2),
(130, 'Emhata', 'm', 154, 184, 175, 121, 0, 670, 20, 3),
(131, 'Raks', 'f', 548, 135, 141, 62, 0, 3589, 30, 11),
(132, 'Eseise', 'f', 475, 11, 99, 127, 0, 2226, 38, 15),
(133, 'Raninasam', 'f', 242, 86, 141, 172, 0, 2709, 13, 9),
(134, 'It''lyea', 'f', 515, 88, 31, 192, 0, 785, 3, 7),
(135, 'Ittinat', 'f', 365, 163, 89, 16, 0, 3353, 8, 7),
(136, 'Omath', 'm', 500, 138, 98, 171, 0, 2356, 2, 1),
(137, 'Enjunt', 'f', 337, 172, 63, 92, 0, 5695, 16, 9),
(138, 'Thitwar', 'f', 259, 24, 125, 188, 0, 1144, 29, 18),
(139, 'Sniqua', 'f', 597, 114, 98, 36, 0, 5866, 17, 18),
(140, 'Kellye', 'f', 107, 19, 29, 125, 0, 4974, 46, 14),
(141, 'Sayul', 'm', 478, 94, 158, 194, 0, 4255, 32, 2),
(142, 'Vorlersam', 'f', 293, 185, 119, 169, 0, 6433, 10, 15),
(143, 'Sam''alei', 'm', 418, 60, 43, 65, 0, 968, 45, 11),
(144, 'Rak''om''ead', 'm', 571, 119, 108, 132, 0, 2849, 1, 18),
(145, 'Skel''quea', 'm', 125, 123, 76, 133, 0, 2199, 8, 13),
(146, 'Seysash', 'f', 137, 91, 19, 127, 0, 1371, 26, 17),
(147, 'Zodovo', 'f', 347, 123, 36, 151, 0, 2146, 29, 13),
(148, 'Unddarash', 'm', 252, 18, 124, 135, 0, 4814, 25, 10),
(149, 'Zhap', 'f', 170, 150, 135, 67, 0, 3887, 44, 11),
(150, 'Cerrad', 'm', 418, 67, 103, 33, 0, 1717, 29, 12),
(151, 'Hiemkim', 'f', 122, 184, 165, 96, 0, 2827, 31, 18),
(152, 'Nalelm', 'f', 437, 32, 196, 180, 0, 2867, 35, 1),
(153, 'Y''taiough', 'm', 359, 161, 109, 199, 0, 4199, 36, 11),
(154, 'Ealea', 'f', 392, 170, 86, 181, 0, 6082, 16, 15),
(155, 'Etk', 'm', 220, 140, 174, 55, 0, 4090, 46, 13),
(156, 'Cheal', 'm', 358, 162, 33, 65, 0, 5986, 13, 6),
(157, 'Estina', 'f', 570, 190, 163, 53, 0, 7517, 14, 6),
(158, 'Gyves', 'f', 135, 110, 143, 156, 0, 3900, 19, 10),
(159, 'Kelbur', 'm', 224, 50, 185, 105, 0, 4793, 40, 15),
(160, 'E''naliss', 'f', 403, 129, 177, 83, 0, 3001, 19, 14),
(161, 'Oeny', 'f', 389, 134, 126, 150, 0, 1114, 12, 12),
(162, 'Modraris', 'f', 389, 12, 141, 148, 0, 2209, 25, 11),
(163, 'Elmuk', 'm', 300, 75, 196, 188, 0, 4607, 11, 6),
(164, 'Myf', 'm', 536, 77, 77, 108, 0, 7190, 23, 9),
(165, 'Lobih', 'f', 498, 118, 50, 200, 0, 391, 43, 4),
(166, 'Estuos', 'f', 282, 158, 128, 134, 0, 2305, 18, 13),
(167, 'Bexym', 'f', 580, 109, 24, 79, 0, 222, 12, 4),
(168, 'Awpage', 'f', 320, 19, 182, 182, 0, 1722, 41, 14),
(169, 'Yineu', 'm', 166, 73, 136, 159, 0, 2608, 33, 8),
(170, 'Ler''rake', 'f', 434, 81, 87, 72, 0, 3783, 19, 16),
(171, 'Ton''any', 'f', 501, 109, 198, 184, 0, 3687, 18, 7),
(172, 'Rynz', 'f', 540, 18, 161, 77, 0, 165, 31, 10),
(173, 'Detinine', 'f', 225, 172, 170, 107, 0, 3698, 27, 16),
(174, 'Beleia', 'm', 277, 170, 135, 130, 0, 4368, 20, 12),
(175, 'Mirotug', 'f', 354, 118, 31, 133, 0, 6665, 40, 14),
(176, 'Streyt', 'm', 403, 69, 147, 111, 0, 4441, 14, 10),
(177, 'Lomada', 'f', 419, 46, 188, 71, 0, 5584, 6, 14),
(178, 'Ineald', 'm', 251, 62, 127, 182, 0, 6485, 8, 11),
(179, 'Wor''pero', 'f', 466, 70, 16, 83, 0, 3700, 40, 6),
(180, 'Zeskel', 'f', 496, 99, 42, 151, 0, 1998, 38, 15),
(181, 'Naeg', 'f', 582, 184, 157, 111, 0, 1784, 16, 15),
(182, 'Irchee', 'm', 229, 81, 65, 100, 0, 2616, 44, 5),
(183, 'Whuik', 'm', 155, 65, 20, 164, 0, 6842, 17, 14),
(184, 'Rois', 'm', 233, 90, 165, 66, 0, 4587, 18, 4),
(185, 'Omeng', 'm', 338, 107, 69, 140, 0, 1776, 34, 4),
(186, 'Xosuny', 'f', 257, 67, 147, 112, 0, 1311, 28, 14),
(187, 'Polrd', 'm', 388, 111, 38, 65, 0, 3477, 5, 8),
(188, 'Bofege', 'f', 478, 149, 52, 64, 0, 3852, 30, 16),
(189, 'Rillcha', 'm', 462, 50, 26, 102, 0, 3803, 4, 11),
(190, 'Enad', 'f', 269, 130, 156, 168, 0, 4574, 42, 5),
(191, 'Ormny', 'f', 401, 178, 68, 167, 0, 3917, 3, 11),
(192, 'Athikim', 'f', 394, 134, 125, 35, 0, 6665, 1, 3),
(193, 'Aldion', 'f', 408, 135, 121, 71, 0, 7514, 16, 11),
(194, 'Perqueash', 'f', 467, 123, 61, 30, 0, 7625, 38, 13),
(195, 'Therengwar', 'm', 392, 182, 92, 61, 0, 5794, 8, 5),
(196, 'Athen', 'f', 235, 115, 43, 84, 0, 3729, 7, 12),
(197, 'Fytas', 'f', 293, 118, 144, 93, 0, 1010, 45, 5),
(198, 'Skel''um', 'm', 440, 49, 89, 172, 0, 7374, 17, 13),
(199, 'Ryimtan', 'm', 192, 170, 63, 93, 0, 2565, 30, 13),
(200, 'Ustur', 'm', 425, 50, 17, 193, 0, 410, 26, 17),
(201, 'Ranexi', 'm', 513, 24, 95, 40, 0, 6835, 38, 4),
(202, 'Quigh', 'f', 192, 58, 160, 105, 0, 1585, 11, 7),
(203, 'Vesest', 'm', 242, 50, 123, 150, 0, 3574, 38, 4),
(204, 'Snalko', 'm', 162, 22, 73, 68, 0, 2538, 30, 15);

-- --------------------------------------------------------

--
-- Tabelstructuur voor tabel `quest`
--

CREATE TABLE IF NOT EXISTS `quest` (
  `id` int(11) NOT NULL AUTO_INCREMENT,
  `title` varchar(50) NOT NULL,
  `experience` int(11) NOT NULL,
  `gold` int(11) NOT NULL,
  `publisher_id` int(11) NOT NULL,
  `holder_id` int(11) NOT NULL,
  PRIMARY KEY (`id`),
  UNIQUE KEY `id` (`id`)
) ENGINE=InnoDB  DEFAULT CHARSET=latin1 AUTO_INCREMENT=74 ;

--
-- Gegevens worden uitgevoerd voor tabel `quest`
--

INSERT INTO `quest` (`id`, `title`, `experience`, `gold`, `publisher_id`, `holder_id`) VALUES
(1, 'Find my shoe!', 300, 20, 132, 0),
(2, 'Sheepie number 9', 420, 10, 134, 0),
(3, 'Materials for a wheelchair', 350, 40, 137, 0),
(4, 'Prove your strength!', 500, 50, 138, 0),
(5, 'Find the Imp who stole my sword', 490, 30, 139, 0),
(6, 'Free the chicken', 290, 15, 142, 0),
(7, 'Football with a severed head', 510, 22, 143, 0),
(8, 'Worm eating contest', 480, 100, 144, 0),
(9, 'Kill my mother in law', 350, 150, 146, 0),
(10, 'Collect food for my brother', 450, 30, 147, 0),
(11, 'Where did he go?', 800, 65, 149, 0),
(12, 'Walking dead', 720, 43, 151, 0),
(13, 'My love for him...', 550, 80, 152, 0),
(14, 'The wise old Turtle', 970, 120, 154, 0),
(15, 'Collect the diamonds', 1100, 60, 158, 0),
(16, 'Travel to Sempre City in Sempre', 965, 86, 159, 0),
(17, 'Kotaj is missing', 960, 180, 162, 0),
(18, 'Get your ride', 480, 60, 165, 0),
(19, 'He has a mustache, kill him!', 1500, 250, 167, 0),
(20, 'Do you like appels?', 1220, 170, 169, 0),
(21, 'So you are alone?', 1125, 230, 171, 0),
(22, 'It''s a joke', 680, 270, 172, 0),
(23, 'His wolf must die!', 1600, 325, 175, 0),
(24, 'Destroy the tower', 1700, 400, 177, 2),
(25, 'Go to Fjitsur', 725, 200, 179, 0),
(26, 'Find the smurfs!', 1300, 500, 181, 0),
(27, 'Kill the Green Dragon', 2500, 1000, 187, 0),
(28, 'Kill the Queen!', 2500, 1000, 194, 0),
(29, 'There he goes', 1875, 700, 49, 0),
(30, 'Another godless man', 1620, 0, 51, 0),
(31, 'Fix the boat', 1235, 545, 53, 0),
(32, 'You find my wallet?', 950, 615, 54, 0),
(33, 'The golden hammer', 1940, 230, 55, 0),
(34, 'Me love shinies!', 1745, 0, 58, 0),
(35, 'Give me his eyes', 1460, 385, 60, 0),
(36, 'Away with the peace', 3000, 1200, 68, 0),
(37, 'He''s shitting on my porch', 2200, 400, 70, 5),
(38, 'Delicious soup', 1950, 300, 72, 0),
(39, 'More, more, more!', 1500, 750, 73, 0),
(40, 'Total carnage', 2650, 975, 75, 0),
(41, 'Annihilate that sucker!', 3500, 2000, 82, 0),
(42, 'So, you think you can dance?', 950, 750, 11, 0),
(43, 'The voice of Knael', 950, 750, 12, 0),
(44, 'The dark pit', 2250, 0, 14, 0),
(45, 'Where is the sun?', 2300, 780, 16, 0),
(46, 'My neighbour likes other women', 1800, 900, 18, 0),
(47, 'How much is not the question', 500, 2500, 21, 0),
(48, 'I saw it all', 1950, 450, 24, 0),
(49, 'Kill that wrench', 1850, 1500, 24, 0),
(50, 'Hail the paper boy!', 1250, 800, 28, 0),
(51, 'So I did', 1600, 700, 34, 0),
(52, 'I want chocolate!', 2100, 800, 36, 0),
(53, 'He has forest weed', 2350, 950, 38, 0),
(54, 'The paper boy is back', 2200, 1200, 40, 0),
(55, 'That fat sucker is gone', 2350, 1200, 45, 0),
(56, 'Found him, kill him!', 4500, 2500, 47, 0),
(57, 'The lost search', 2590, 0, 84, 0),
(58, 'Turtle killer', 3500, 3750, 88, 0),
(59, 'Why? Because!', 3200, 450, 91, 0),
(60, 'For all the evil', 3100, 1650, 94, 0),
(61, 'My last meal', 2850, 1975, 96, 0),
(62, 'Yo mama!', 3650, 2130, 98, 0),
(63, 'Yo daddy!', 3650, 2130, 102, 0),
(64, 'I was born too early', 3475, 2540, 104, 0),
(65, 'The cave is destroyed', 3280, 1480, 105, 0),
(66, 'It was a Behemoth!', 3640, 2450, 105, 0),
(67, 'Damn this region!', 3850, 1850, 109, 0),
(68, 'One more strike', 4000, 3000, 117, 0),
(69, 'A dark land', 3950, 1200, 118, 0),
(70, 'The Demi-Fiend is the boss here', 3500, 0, 120, 0),
(71, 'Screaming from Yester', 1250, 500, 123, 0),
(72, 'Persue the villagers', 4000, 2500, 130, 0),
(73, 'Be the hero!', 8000, 5000, 131, 0);

-- --------------------------------------------------------

--
-- Tabelstructuur voor tabel `region`
--

CREATE TABLE IF NOT EXISTS `region` (
  `id` int(11) NOT NULL AUTO_INCREMENT,
  `name` varchar(50) NOT NULL,
  `region_boss` int(11) NOT NULL,
  PRIMARY KEY (`id`),
  UNIQUE KEY `id` (`id`)
) ENGINE=InnoDB  DEFAULT CHARSET=latin1 AUTO_INCREMENT=6 ;

--
-- Gegevens worden uitgevoerd voor tabel `region`
--

INSERT INTO `region` (`id`, `name`, `region_boss`) VALUES
(1, 'Gursoy Island', 11),
(2, 'Sempre', 12),
(3, 'South Groval', 13),
(4, 'North Groval', 14),
(5, 'Breach', 15);

-- --------------------------------------------------------

--
-- Tabelstructuur voor tabel `weapon`
--

CREATE TABLE IF NOT EXISTS `weapon` (
  `id` int(11) NOT NULL AUTO_INCREMENT,
  `name` varchar(50) NOT NULL,
  `price` int(11) NOT NULL,
  `attack` int(11) NOT NULL,
  PRIMARY KEY (`id`),
  UNIQUE KEY `id` (`id`)
) ENGINE=InnoDB  DEFAULT CHARSET=latin1 AUTO_INCREMENT=53 ;

--
-- Gegevens worden uitgevoerd voor tabel `weapon`
--

INSERT INTO `weapon` (`id`, `name`, `price`, `attack`) VALUES
(1, 'Dirk', 10, 100),
(2, 'Poniard', 15, 150),
(3, 'Rondel', 28, 200),
(4, 'Dagger', 50, 250),
(5, 'Anelace', 70, 300),
(6, 'Baselard', 110, 425),
(7, 'Cinquedea', 130, 450),
(8, 'Stiletto', 150, 500),
(9, 'Machete', 300, 725),
(10, 'Katara', 550, 925),
(11, 'Shortsword', 300, 700),
(12, 'Falchion', 320, 755),
(13, 'Flamberge', 430, 875),
(14, 'Cutlass', 620, 1180),
(15, 'Spatha', 735, 1400),
(16, 'Rapier', 965, 1770),
(17, 'Claymore', 1000, 1950),
(18, 'Sabre', 1175, 2115),
(19, 'Broadsword', 1345, 2545),
(20, 'Scimitar', 1600, 2865),
(21, 'Katana', 1830, 3040),
(22, 'Longsword', 2200, 3200),
(23, 'Quarterstaff', 12, 125),
(24, 'Club', 200, 515),
(25, 'Mace', 520, 1075),
(26, 'War Hammer', 700, 1580),
(27, 'Flail', 1200, 2050),
(28, 'Morning Star', 1730, 2450),
(29, 'Maul', 2005, 2900),
(30, 'Pike', 100, 325),
(31, 'Pitchfork', 150, 400),
(32, 'Lance', 500, 1000),
(33, 'Swordstaff', 575, 1100),
(34, 'Glaive', 780, 1505),
(35, 'Partisan', 945, 1800),
(36, 'Guisarme', 1400, 2200),
(37, 'scythe', 1700, 2770),
(38, 'Voulge', 1920, 2925),
(39, 'ranseur', 2520, 3100),
(40, 'Halberd', 2850, 3500),
(41, 'Tomahawk', 210, 225),
(42, 'Ono', 310, 750),
(43, 'Battle Axe', 1685, 2800),
(44, 'Sling', 15, 115),
(45, 'bow', 525, 900),
(46, 'Longbow', 780, 1500),
(47, 'Crossbow', 1300, 2500),
(48, 'Shell Chain', 0, 1000),
(49, 'Soul Sword', 0, 2200),
(50, 'Obsidian Staff', 0, 3500),
(51, 'Knock-Down Hammer', 0, 4850),
(52, 'Axe of Terror', 0, 6200);

/*!40101 SET CHARACTER_SET_CLIENT=@OLD_CHARACTER_SET_CLIENT */;
/*!40101 SET CHARACTER_SET_RESULTS=@OLD_CHARACTER_SET_RESULTS */;
/*!40101 SET COLLATION_CONNECTION=@OLD_COLLATION_CONNECTION */;
